Label,Predicted,True
CACTCCACTCCAGTTCACTCTATTCAGTTCCACTCC,0.5055329,-0.7311496
ACATTTTTGGCCTGCAACGTGGGGACTCAAGAAGCA,0.81941646,0.61409736
TGTGGAGCAAGGGAGACAGAAGCTCATTGGCTAGAG,0.14385808,-0.72271866
TACCAGGCATAGGACATTTTCCTTTAATCCTAATAA,-0.52540404,-0.082240425
CTTAAAATGAAAACAAGTTTTCTAGCCACAGGAAGA,-0.08033827,-0.12032118
CCCGGCGAGTCCCGGCCACCCGGCGCAGCCCTGGGC,-0.13927399,-0.72271866
ACATTTTTGGCCTGCAACGTGGGGACTCAAGAAGCA,0.71147525,0.61409736
ACATTTTTGGCCTGCAACGTGGGGACTCAAGAAGCA,0.73178035,0.61409736
TGTGGAGCAAGGGAGACAGAAGCTCATTGGCTAGAG,0.101602376,-0.72271866
CCCGGCGAGTCCCGGCCACCCGGCGCAGCCCTGGGC,0.12639216,-0.72271866
CTTAAAATGAAAACAAGTTTTCTAGCCACAGGAAGA,0.017470557,-0.12032118
CCCGGCGAGTCCCGGCCACCCGGCGCAGCCCTGGGC,0.2795048,-0.72271866
CCCGGCGAGTCCCGGCCACCCGGCGCAGCCCTGGGC,0.14988385,-0.72271866
GCGGGGTGGAGCGAGCACGCGGGCGGGGCGGGGCGG,1.1938566,1.3501716
ACATTTTTGGCCTGCAACGTGGGGACTCAAGAAGCA,0.85359114,0.61409736
TACCAGGCATAGGACATTTTCCTTTAATCCTAATAA,-0.4046444,-0.082240425
CCCGGCGAGTCCCGGCCACCCGGCGCAGCCCTGGGC,-0.004581813,-0.72271866
GCGGGGTGGAGCGAGCACGCGGGCGGGGCGGGGCGG,1.4084163,1.3501716
GCGGGGTGGAGCGAGCACGCGGGCGGGGCGGGGCGG,1.0817194,1.3501716
ACATTTTTGGCCTGCAACGTGGGGACTCAAGAAGCA,0.6730236,0.61409736
GCGGGGTGGAGCGAGCACGCGGGCGGGGCGGGGCGG,1.4022739,1.3501716
CCCGGCGAGTCCCGGCCACCCGGCGCAGCCCTGGGC,0.059796322,-0.72271866
CACTCCACTCCAGTTCACTCTATTCAGTTCCACTCC,0.42279235,-0.7311496
TGTGGAGCAAGGGAGACAGAAGCTCATTGGCTAGAG,0.039562155,-0.72271866
TACCAGGCATAGGACATTTTCCTTTAATCCTAATAA,-0.3735029,-0.082240425
CCCGGCGAGTCCCGGCCACCCGGCGCAGCCCTGGGC,-0.12993704,-0.72271866
TACCAGGCATAGGACATTTTCCTTTAATCCTAATAA,-0.4513879,-0.082240425
TGTGGAGCAAGGGAGACAGAAGCTCATTGGCTAGAG,0.012865264,-0.72271866
CCCGGCGAGTCCCGGCCACCCGGCGCAGCCCTGGGC,0.10713354,-0.72271866
TACCAGGCATAGGACATTTTCCTTTAATCCTAATAA,-0.3944089,-0.082240425
GCGGGGTGGAGCGAGCACGCGGGCGGGGCGGGGCGG,1.1280265,1.3501716
TGTGGAGCAAGGGAGACAGAAGCTCATTGGCTAGAG,0.10977554,-0.72271866
CACTCCACTCCAGTTCACTCTATTCAGTTCCACTCC,0.21178368,-0.7311496
ACATTTTTGGCCTGCAACGTGGGGACTCAAGAAGCA,0.703939,0.61409736
CACTCCACTCCAGTTCACTCTATTCAGTTCCACTCC,0.3956534,-0.7311496
CTTAAAATGAAAACAAGTTTTCTAGCCACAGGAAGA,0.015036035,-0.12032118
GCGGGGTGGAGCGAGCACGCGGGCGGGGCGGGGCGG,1.4182,1.3501716
GCGGGGTGGAGCGAGCACGCGGGCGGGGCGGGGCGG,1.1360931,1.3501716
CACTCCACTCCAGTTCACTCTATTCAGTTCCACTCC,0.50251794,-0.7311496
CCCGGCGAGTCCCGGCCACCCGGCGCAGCCCTGGGC,-0.29427108,-0.72271866
CTTAAAATGAAAACAAGTTTTCTAGCCACAGGAAGA,-0.06367284,-0.12032118
CCCGGCGAGTCCCGGCCACCCGGCGCAGCCCTGGGC,-0.06323378,-0.72271866
ACATTTTTGGCCTGCAACGTGGGGACTCAAGAAGCA,0.76241505,0.61409736
ACATTTTTGGCCTGCAACGTGGGGACTCAAGAAGCA,0.9067396,0.61409736
GCGGGGTGGAGCGAGCACGCGGGCGGGGCGGGGCGG,1.4163258,1.3501716
TACCAGGCATAGGACATTTTCCTTTAATCCTAATAA,-0.4330832,-0.082240425
GCGGGGTGGAGCGAGCACGCGGGCGGGGCGGGGCGG,1.1951799,1.3501716
TGTGGAGCAAGGGAGACAGAAGCTCATTGGCTAGAG,0.0059872456,-0.72271866
TACCAGGCATAGGACATTTTCCTTTAATCCTAATAA,-0.5377231,-0.082240425
ACATTTTTGGCCTGCAACGTGGGGACTCAAGAAGCA,0.99270463,0.61409736
CTTAAAATGAAAACAAGTTTTCTAGCCACAGGAAGA,-0.093553126,-0.12032118
GCGGGGTGGAGCGAGCACGCGGGCGGGGCGGGGCGG,1.032455,1.3501716
CACTCCACTCCAGTTCACTCTATTCAGTTCCACTCC,0.43197843,-0.7311496
CCCGGCGAGTCCCGGCCACCCGGCGCAGCCCTGGGC,-0.017875832,-0.72271866
GCGGGGTGGAGCGAGCACGCGGGCGGGGCGGGGCGG,1.3419417,1.3501716
CCCGGCGAGTCCCGGCCACCCGGCGCAGCCCTGGGC,-0.08961165,-0.72271866
TGTGGAGCAAGGGAGACAGAAGCTCATTGGCTAGAG,-0.07325745,-0.72271866
CACTCCACTCCAGTTCACTCTATTCAGTTCCACTCC,0.33751357,-0.7311496
CACTCCACTCCAGTTCACTCTATTCAGTTCCACTCC,0.44225702,-0.7311496
CTTAAAATGAAAACAAGTTTTCTAGCCACAGGAAGA,-0.029465776,-0.12032118
CCCGGCGAGTCCCGGCCACCCGGCGCAGCCCTGGGC,0.2227409,-0.72271866
TGTGGAGCAAGGGAGACAGAAGCTCATTGGCTAGAG,-0.21862163,-0.72271866
CACTCCACTCCAGTTCACTCTATTCAGTTCCACTCC,0.2887964,-0.7311496
TGTGGAGCAAGGGAGACAGAAGCTCATTGGCTAGAG,-0.04830995,-0.72271866
CCCGGCGAGTCCCGGCCACCCGGCGCAGCCCTGGGC,-0.20273869,-0.72271866
CTTAAAATGAAAACAAGTTTTCTAGCCACAGGAAGA,0.017347757,-0.12032118
CCCGGCGAGTCCCGGCCACCCGGCGCAGCCCTGGGC,0.0033215322,-0.72271866
CTTAAAATGAAAACAAGTTTTCTAGCCACAGGAAGA,-0.0760677,-0.12032118
ACATTTTTGGCCTGCAACGTGGGGACTCAAGAAGCA,0.8248833,0.61409736
ACATTTTTGGCCTGCAACGTGGGGACTCAAGAAGCA,1.0468373,0.61409736
GCGGGGTGGAGCGAGCACGCGGGCGGGGCGGGGCGG,1.1850948,1.3501716
CACTCCACTCCAGTTCACTCTATTCAGTTCCACTCC,0.35090974,-0.7311496
CTTAAAATGAAAACAAGTTTTCTAGCCACAGGAAGA,-0.05574965,-0.12032118
ACATTTTTGGCCTGCAACGTGGGGACTCAAGAAGCA,0.8217643,0.61409736
CACTCCACTCCAGTTCACTCTATTCAGTTCCACTCC,0.3292412,-0.7311496
TGTGGAGCAAGGGAGACAGAAGCTCATTGGCTAGAG,0.044124294,-0.72271866
CACTCCACTCCAGTTCACTCTATTCAGTTCCACTCC,0.46581957,-0.7311496
CCCGGCGAGTCCCGGCCACCCGGCGCAGCCCTGGGC,-0.19242057,-0.72271866
TACCAGGCATAGGACATTTTCCTTTAATCCTAATAA,-0.5196249,-0.082240425
CACTCCACTCCAGTTCACTCTATTCAGTTCCACTCC,0.20730574,-0.7311496
CTTAAAATGAAAACAAGTTTTCTAGCCACAGGAAGA,-0.03835253,-0.12032118
TACCAGGCATAGGACATTTTCCTTTAATCCTAATAA,-0.23719588,-0.082240425
TGTGGAGCAAGGGAGACAGAAGCTCATTGGCTAGAG,0.058624778,-0.72271866
TGTGGAGCAAGGGAGACAGAAGCTCATTGGCTAGAG,0.098133564,-0.72271866
CCCGGCGAGTCCCGGCCACCCGGCGCAGCCCTGGGC,-0.24047883,-0.72271866
CACTCCACTCCAGTTCACTCTATTCAGTTCCACTCC,0.56516516,-0.7311496
TGTGGAGCAAGGGAGACAGAAGCTCATTGGCTAGAG,0.0040775724,-0.72271866
TACCAGGCATAGGACATTTTCCTTTAATCCTAATAA,-0.20215565,-0.082240425
CTTAAAATGAAAACAAGTTTTCTAGCCACAGGAAGA,-0.32477176,-0.12032118
CTTAAAATGAAAACAAGTTTTCTAGCCACAGGAAGA,-0.07617308,-0.12032118
TGTGGAGCAAGGGAGACAGAAGCTCATTGGCTAGAG,-0.06541316,-0.72271866
CTTAAAATGAAAACAAGTTTTCTAGCCACAGGAAGA,0.031272743,-0.12032118
CCCGGCGAGTCCCGGCCACCCGGCGCAGCCCTGGGC,0.13517779,-0.72271866
TACCAGGCATAGGACATTTTCCTTTAATCCTAATAA,-0.43088412,-0.082240425
TGTGGAGCAAGGGAGACAGAAGCTCATTGGCTAGAG,-0.067137375,-0.72271866
ACATTTTTGGCCTGCAACGTGGGGACTCAAGAAGCA,0.9605106,0.61409736
TGTGGAGCAAGGGAGACAGAAGCTCATTGGCTAGAG,0.029608909,-0.72271866
TGTGGAGCAAGGGAGACAGAAGCTCATTGGCTAGAG,-0.1969964,-0.72271866
CACTCCACTCCAGTTCACTCTATTCAGTTCCACTCC,0.12375131,-0.7311496
CTTAAAATGAAAACAAGTTTTCTAGCCACAGGAAGA,-0.09326263,-0.12032118
GCGGGGTGGAGCGAGCACGCGGGCGGGGCGGGGCGG,1.369142,1.3501716
CTTAAAATGAAAACAAGTTTTCTAGCCACAGGAAGA,-0.16809337,-0.12032118
CACTCCACTCCAGTTCACTCTATTCAGTTCCACTCC,0.49622366,-0.7311496
CTTAAAATGAAAACAAGTTTTCTAGCCACAGGAAGA,-0.16707847,-0.12032118
ACATTTTTGGCCTGCAACGTGGGGACTCAAGAAGCA,0.9893614,0.61409736
GCGGGGTGGAGCGAGCACGCGGGCGGGGCGGGGCGG,1.3131684,1.3501716
TACCAGGCATAGGACATTTTCCTTTAATCCTAATAA,-0.25931352,-0.082240425
TGTGGAGCAAGGGAGACAGAAGCTCATTGGCTAGAG,-0.24311678,-0.72271866
CCCGGCGAGTCCCGGCCACCCGGCGCAGCCCTGGGC,-0.12414034,-0.72271866
GCGGGGTGGAGCGAGCACGCGGGCGGGGCGGGGCGG,1.1677856,1.3501716
TGTGGAGCAAGGGAGACAGAAGCTCATTGGCTAGAG,0.081453264,-0.72271866
GCGGGGTGGAGCGAGCACGCGGGCGGGGCGGGGCGG,0.8038675,1.3501716
GCGGGGTGGAGCGAGCACGCGGGCGGGGCGGGGCGG,1.2357771,1.3501716
TACCAGGCATAGGACATTTTCCTTTAATCCTAATAA,-0.31944203,-0.082240425
ACATTTTTGGCCTGCAACGTGGGGACTCAAGAAGCA,0.72593546,0.61409736
CCCGGCGAGTCCCGGCCACCCGGCGCAGCCCTGGGC,0.10027321,-0.72271866
TGTGGAGCAAGGGAGACAGAAGCTCATTGGCTAGAG,-0.18481725,-0.72271866
CCCGGCGAGTCCCGGCCACCCGGCGCAGCCCTGGGC,-0.0534175,-0.72271866
TACCAGGCATAGGACATTTTCCTTTAATCCTAATAA,-0.38449073,-0.082240425
CCCGGCGAGTCCCGGCCACCCGGCGCAGCCCTGGGC,-0.33194137,-0.72271866
GCGGGGTGGAGCGAGCACGCGGGCGGGGCGGGGCGG,1.4488761,1.3501716
TACCAGGCATAGGACATTTTCCTTTAATCCTAATAA,-0.291835,-0.082240425
TACCAGGCATAGGACATTTTCCTTTAATCCTAATAA,-0.37593687,-0.082240425
ACATTTTTGGCCTGCAACGTGGGGACTCAAGAAGCA,0.5683247,0.61409736
CTTAAAATGAAAACAAGTTTTCTAGCCACAGGAAGA,0.049384777,-0.12032118
CCCGGCGAGTCCCGGCCACCCGGCGCAGCCCTGGGC,0.009538103,-0.72271866
GCGGGGTGGAGCGAGCACGCGGGCGGGGCGGGGCGG,0.90888107,1.3501716
CCCGGCGAGTCCCGGCCACCCGGCGCAGCCCTGGGC,-0.14942296,-0.72271866
CCCGGCGAGTCCCGGCCACCCGGCGCAGCCCTGGGC,-0.22684915,-0.72271866
CACTCCACTCCAGTTCACTCTATTCAGTTCCACTCC,0.34035525,-0.7311496
TGTGGAGCAAGGGAGACAGAAGCTCATTGGCTAGAG,-0.0665922,-0.72271866
ACATTTTTGGCCTGCAACGTGGGGACTCAAGAAGCA,0.6505696,0.61409736
CTTAAAATGAAAACAAGTTTTCTAGCCACAGGAAGA,-0.048287626,-0.12032118
TACCAGGCATAGGACATTTTCCTTTAATCCTAATAA,-0.20229952,-0.082240425
ACATTTTTGGCCTGCAACGTGGGGACTCAAGAAGCA,0.7879207,0.61409736
ACATTTTTGGCCTGCAACGTGGGGACTCAAGAAGCA,0.6712928,0.61409736
GCGGGGTGGAGCGAGCACGCGGGCGGGGCGGGGCGG,1.186482,1.3501716
ACATTTTTGGCCTGCAACGTGGGGACTCAAGAAGCA,0.8737817,0.61409736
CTTAAAATGAAAACAAGTTTTCTAGCCACAGGAAGA,-0.31137726,-0.12032118
ACATTTTTGGCCTGCAACGTGGGGACTCAAGAAGCA,0.88422215,0.61409736
CCCGGCGAGTCCCGGCCACCCGGCGCAGCCCTGGGC,0.04115398,-0.72271866
TACCAGGCATAGGACATTTTCCTTTAATCCTAATAA,-0.377071,-0.082240425
ACATTTTTGGCCTGCAACGTGGGGACTCAAGAAGCA,0.7677694,0.61409736
TGTGGAGCAAGGGAGACAGAAGCTCATTGGCTAGAG,-0.08212145,-0.72271866
GCGGGGTGGAGCGAGCACGCGGGCGGGGCGGGGCGG,1.3954823,1.3501716
CACTCCACTCCAGTTCACTCTATTCAGTTCCACTCC,-0.039821383,-0.7311496
CTTAAAATGAAAACAAGTTTTCTAGCCACAGGAAGA,-0.016142499,-0.12032118
CTTAAAATGAAAACAAGTTTTCTAGCCACAGGAAGA,0.15771617,-0.12032118
ACATTTTTGGCCTGCAACGTGGGGACTCAAGAAGCA,0.6580521,0.61409736
CACTCCACTCCAGTTCACTCTATTCAGTTCCACTCC,0.33375323,-0.7311496
ACATTTTTGGCCTGCAACGTGGGGACTCAAGAAGCA,0.53450346,0.61409736
TACCAGGCATAGGACATTTTCCTTTAATCCTAATAA,-0.09142241,-0.082240425
TACCAGGCATAGGACATTTTCCTTTAATCCTAATAA,-0.34782788,-0.082240425
TACCAGGCATAGGACATTTTCCTTTAATCCTAATAA,-0.36131212,-0.082240425
CACTCCACTCCAGTTCACTCTATTCAGTTCCACTCC,0.31674698,-0.7311496
TACCAGGCATAGGACATTTTCCTTTAATCCTAATAA,-0.5832931,-0.082240425
TGTGGAGCAAGGGAGACAGAAGCTCATTGGCTAGAG,-0.2286414,-0.72271866
CCCGGCGAGTCCCGGCCACCCGGCGCAGCCCTGGGC,-0.08609076,-0.72271866
CACTCCACTCCAGTTCACTCTATTCAGTTCCACTCC,0.2710177,-0.7311496
TGTGGAGCAAGGGAGACAGAAGCTCATTGGCTAGAG,-0.06716518,-0.72271866
ACATTTTTGGCCTGCAACGTGGGGACTCAAGAAGCA,0.5827728,0.61409736
CACTCCACTCCAGTTCACTCTATTCAGTTCCACTCC,0.3870628,-0.7311496
ACATTTTTGGCCTGCAACGTGGGGACTCAAGAAGCA,0.77502906,0.61409736
CCCGGCGAGTCCCGGCCACCCGGCGCAGCCCTGGGC,-0.058358837,-0.72271866
CCCGGCGAGTCCCGGCCACCCGGCGCAGCCCTGGGC,-0.127512,-0.72271866
TGTGGAGCAAGGGAGACAGAAGCTCATTGGCTAGAG,-0.033829313,-0.72271866
ACATTTTTGGCCTGCAACGTGGGGACTCAAGAAGCA,0.6312412,0.61409736
TGTGGAGCAAGGGAGACAGAAGCTCATTGGCTAGAG,-0.023982968,-0.72271866
TACCAGGCATAGGACATTTTCCTTTAATCCTAATAA,-0.4938914,-0.082240425
CACTCCACTCCAGTTCACTCTATTCAGTTCCACTCC,0.3923126,-0.7311496
CTTAAAATGAAAACAAGTTTTCTAGCCACAGGAAGA,-0.03568584,-0.12032118
CTTAAAATGAAAACAAGTTTTCTAGCCACAGGAAGA,-0.111218676,-0.12032118
GCGGGGTGGAGCGAGCACGCGGGCGGGGCGGGGCGG,1.0352606,1.3501716
GCGGGGTGGAGCGAGCACGCGGGCGGGGCGGGGCGG,1.5721965,1.3501716
ACATTTTTGGCCTGCAACGTGGGGACTCAAGAAGCA,0.49438947,0.61409736
CTTAAAATGAAAACAAGTTTTCTAGCCACAGGAAGA,0.007242594,-0.12032118
CTTAAAATGAAAACAAGTTTTCTAGCCACAGGAAGA,-0.11545172,-0.12032118
TGTGGAGCAAGGGAGACAGAAGCTCATTGGCTAGAG,-0.26646107,-0.72271866
ACATTTTTGGCCTGCAACGTGGGGACTCAAGAAGCA,1.1456207,0.61409736
CCCGGCGAGTCCCGGCCACCCGGCGCAGCCCTGGGC,-0.029423054,-0.72271866
CACTCCACTCCAGTTCACTCTATTCAGTTCCACTCC,0.52284056,-0.7311496
TACCAGGCATAGGACATTTTCCTTTAATCCTAATAA,-0.23187351,-0.082240425
TACCAGGCATAGGACATTTTCCTTTAATCCTAATAA,-0.5710206,-0.082240425
TGTGGAGCAAGGGAGACAGAAGCTCATTGGCTAGAG,-0.1737694,-0.72271866
CTTAAAATGAAAACAAGTTTTCTAGCCACAGGAAGA,-0.16292937,-0.12032118
TGTGGAGCAAGGGAGACAGAAGCTCATTGGCTAGAG,-0.10320546,-0.72271866
TACCAGGCATAGGACATTTTCCTTTAATCCTAATAA,-0.4092432,-0.082240425
TGTGGAGCAAGGGAGACAGAAGCTCATTGGCTAGAG,-0.058619287,-0.72271866
CTTAAAATGAAAACAAGTTTTCTAGCCACAGGAAGA,0.11517237,-0.12032118
TACCAGGCATAGGACATTTTCCTTTAATCCTAATAA,-0.552358,-0.082240425
CCCGGCGAGTCCCGGCCACCCGGCGCAGCCCTGGGC,0.015552644,-0.72271866
ACATTTTTGGCCTGCAACGTGGGGACTCAAGAAGCA,0.6865268,0.61409736
CACTCCACTCCAGTTCACTCTATTCAGTTCCACTCC,0.17206295,-0.7311496
CACTCCACTCCAGTTCACTCTATTCAGTTCCACTCC,0.3632851,-0.7311496
TGTGGAGCAAGGGAGACAGAAGCTCATTGGCTAGAG,-0.19165057,-0.72271866
CTTAAAATGAAAACAAGTTTTCTAGCCACAGGAAGA,-0.1522977,-0.12032118
CTTAAAATGAAAACAAGTTTTCTAGCCACAGGAAGA,-0.097833425,-0.12032118
CACTCCACTCCAGTTCACTCTATTCAGTTCCACTCC,0.5789684,-0.7311496
CTTAAAATGAAAACAAGTTTTCTAGCCACAGGAAGA,0.16134225,-0.12032118
GCGGGGTGGAGCGAGCACGCGGGCGGGGCGGGGCGG,1.4976003,1.3501716
CTTAAAATGAAAACAAGTTTTCTAGCCACAGGAAGA,0.0031401701,-0.12032118
TACCAGGCATAGGACATTTTCCTTTAATCCTAATAA,-0.28599682,-0.082240425
GCGGGGTGGAGCGAGCACGCGGGCGGGGCGGGGCGG,1.4712505,1.3501716
CACTCCACTCCAGTTCACTCTATTCAGTTCCACTCC,0.362382,-0.7311496
CACTCCACTCCAGTTCACTCTATTCAGTTCCACTCC,0.49508083,-0.7311496
GCGGGGTGGAGCGAGCACGCGGGCGGGGCGGGGCGG,1.2249353,1.3501716
GCGGGGTGGAGCGAGCACGCGGGCGGGGCGGGGCGG,1.3833797,1.3501716
TACCAGGCATAGGACATTTTCCTTTAATCCTAATAA,-0.2016785,-0.082240425
CTTAAAATGAAAACAAGTTTTCTAGCCACAGGAAGA,-0.06300798,-0.12032118
ACATTTTTGGCCTGCAACGTGGGGACTCAAGAAGCA,0.84359336,0.61409736
TACCAGGCATAGGACATTTTCCTTTAATCCTAATAA,-0.30495203,-0.082240425
GCGGGGTGGAGCGAGCACGCGGGCGGGGCGGGGCGG,1.3727111,1.3501716
CACTCCACTCCAGTTCACTCTATTCAGTTCCACTCC,0.19939429,-0.7311496
CCCGGCGAGTCCCGGCCACCCGGCGCAGCCCTGGGC,0.11900984,-0.72271866
GCGGGGTGGAGCGAGCACGCGGGCGGGGCGGGGCGG,1.2402285,1.3501716
GCGGGGTGGAGCGAGCACGCGGGCGGGGCGGGGCGG,1.358716,1.3501716
GCGGGGTGGAGCGAGCACGCGGGCGGGGCGGGGCGG,1.1953748,1.3501716
CACTCCACTCCAGTTCACTCTATTCAGTTCCACTCC,0.36940613,-0.7311496
TACCAGGCATAGGACATTTTCCTTTAATCCTAATAA,-0.620257,-0.082240425
TGTGGAGCAAGGGAGACAGAAGCTCATTGGCTAGAG,-0.014328312,-0.72271866
CACTCCACTCCAGTTCACTCTATTCAGTTCCACTCC,0.5537383,-0.7311496
TACCAGGCATAGGACATTTTCCTTTAATCCTAATAA,-0.26377234,-0.082240425
GCGGGGTGGAGCGAGCACGCGGGCGGGGCGGGGCGG,1.295172,1.3501716
ACATTTTTGGCCTGCAACGTGGGGACTCAAGAAGCA,0.822434,0.61409736
