sequence,bind_avg,binding_type,improving
GTACACAATTTTTTACAAAATTTAAATTAAAACAAA,-0.8626671853144092,0,1
GCAGCCGAGGCGGAGAGAGAGAGAGGACAGCTTACG,-0.7033185118234613,0,1
AGGCCCAGGAAGAACAATGGCTCTGCCAACTGGGCA,-0.6594636097840443,0,1
CTTCCTCACCTGCAGACTTCCTTCCCTGAGTCCCAG,-0.5438233625193849,0,1
TGAGGGTCAGAGGCACCCCTTCCTGGAATCTCCTTC,-0.42482768054722886,0,1
TTACAGCGTTAAGTATGGGTTGAAAACCAACTTTCC,-0.31538961682302613,0,1
GCCCTGGGAGGCCAACGCATGCCAGCTGAGGCAAGA,-0.21114704426654107,0,1
TGAAAGGCCTGTGGGCACGCGCCGCCCGCAGCCTTA,-0.15461025038817677,0,1
CCCAAGGAAAGTGTCCTCGTGCAGGGAGGACTGCCT,-0.020748574046941748,0,1
CGCGAGCTATATCTGCGCGTGGAGCTGAGTGACGTA,0.06387128782022167,1,0
CCCTGCGCCTCTCTCCATGCGCACCCGCAGTTTTCA,0.18833450073865343,1,0
CCCAACTGAGCCATACATGTGCAGCTTGAGATAAAA,0.26623977655946707,1,0
CCTAGGATTCCCAGGCAGTTTTACAGCTACCCTGGA,-0.8414349652086353,0,1
TAAGGGGTGACCCAGCCGCTGCAGAGCCAGGGAAGG,-0.71066473402544,0,1
TCTCTGGCCTCGGGTAACTTTTCCCTCCAGTTTGGT,-0.6225019464307691,0,1
GAATGAATGAATGAATTAGTGAATGAATGAATGAAT,-0.5314201027359653,0,1
AATTCTCAGTTGTAATTTCTCAACAGGATAGAGCTA,-0.45363191989753915,0,1
ACACCAAAGGTTGCGGCAGAGGGGCAAGTTTTGCAT,-0.38677961290969876,0,1
AGGTAGTTTTCATAGTTTTTTTTTTTTTAACTTTTT,-0.2806194170813079,0,1
GGGGCACCTGGTGGGCACGCTGGGCCGAGTGACGGA,-0.1430494279871004,0,1
TGGGCGGTGCTCCGCAGCGTGGGCCTATGGGAAATG,-0.0768469315230984,0,1
GAAGCCTTGGGAAGGCACGAGGACGACAGGGTCTTC,0.005262474866325029,1,0
GAAATCAGGCCCTTCCATGAGGTACATTTCAGCCCA,0.13360022366110247,1,0
TATGTAACGATCTTGCACATGTATGTTTGAACAAGA,0.28309894071089214,1,0
CCAGCCTGGACCGCCCCTGTGGGCTCCACTCCCCTC,-0.8372420869485993,0,1
CACTCCACTCCAGTTCACTCTATTCAGTTCCACTCC,-0.7311496216580524,0,1
CTCAGGCCCCAGGTCTCAGAGCCTGGTCTCAGGCCT,-0.6656120700844967,0,1
TAATTTAGAACAAGGGGCAGATAACGGTACATTAGA,-0.5368276091533577,0,1
CCCATTTTTCATCTTTAAAATGAAGAAGATAAAGCC,-0.4643808589332501,0,1
AAAATTGAGAAGTGATTAAAAAAAAAATTATGGCCT,-0.30612170989224463,0,1
TCCAGTGGCCCCAGGAGGGCCTGGGTGCTCCTCTGC,-0.2395096941746626,0,1
TTTATAGCTGGCAGCTCTGCTGGCCTGTCTGTCCCT,-0.14200504146919446,0,1
GGAAATTGAGGTAAGAGCTATTTTTCCTTTAAACCT,-0.08420892796416712,0,1
TCCCCTTGGGAAGAGCACGCGGCGTTGCCAGGCCAA,0.35801080080208525,1,0
GGAAGCTGTGAAATCCGCGTGCACACCCATCCCAAA,0.4455496317835843,1,0
TCAGAAAGAATTGAGCACATGTCTGTAGACTTTTGC,0.5537483433285013,1,0
GGTTTTCCCTTGACCCATGTGGGTGGGCTGGCGCAC,0.6945734778683272,1,0
ACGGTGCGCGACCACCTCGTGGGCCGCTGGATCCGC,0.7959695549646097,1,0
AGGTCGCTCCCCGGCCATGCGGGCGCTGCGGGCCGG,0.8267474042210496,1,0
TCACTGATTCACCACCGCATGGCCTGGGCGTTCCTT,0.9346206082922022,1,0
CACTACAAAAGCTCCCACGAGGGCGGCCGCCCCCAC,1.089050713521046,1,0
CTTGTCCACCGACTCCACGTGCCGGTTGCAGCGCCA,1.130835365537549,1,0
ACAGGTCCCGTCCGCCATGAGGTTGTCGATGTAGGC,0.354840221101024,1,0
TCAGCTCTTTGTCCCCACGTTGCCTTGCCCTGCCCT,0.41790894238315435,1,0
TCTAACGTACAACACCTCATGGTTATTTTTATGAGT,0.5342996356962528,1,0
ACATTTTTGGCCTGCAACGTGGGGACTCAAGAAGCA,0.6140973354058064,1,0
CTGTCCTCTCTCGCCCACGCTGCCTGGGAGGCGCGC,0.30903068506972975,1,0
TTAGAAAAATAGTTTAAAATCTAGAGTTAATTAACC,0.3026941622839372,1,0
CGGGTCCGGGGAAACCATGCGTGTCACGGCGCCACT,0.3388347577877484,1,0
GGTTCAATCAGGATCCACATGTTGAAAGCAAAGGCC,0.48479265416507733,1,0
GAGACCCGCCTGACCCACATGGAGAAATGCCGTCTC,0.588031567776464,1,0
GAGGGCCCGTCTCAACATGTGCTTCTGCTGTCCTGG,0.6354314778807959,1,0
CTATTGCCTTTTCTCCGCGTGGCCCCGCCTGCAGCC,0.7635814219675874,1,0
CGCACTCACCAGCACCACGCGGGCTCCCCGGCCTCT,0.8701650761823432,1,0
GCTGCAGCAGGGCGCCATGTGCTGGAGCGCGCCTGC,0.9750512760318175,1,0
CCGCTCGCCCATTCGCACATGGCTTCTCAAGGATCG,1.0927014629363088,1,0
CGGGCCTCCCTCGGACACGTGCCCTCGTTAGCCTTG,1.1998672112235864,1,0
AGCCGGGCTCCCAGGCACGTGGGTCTCTGCGGCTGC,1.2550609506319015,1,0
GCTCCGGGAGGAAAACACGCGGAACAGCTGCCCACC,0.3885618052762334,1,0
CAATTATCCAGAGAGCACGAGGCTCAAAGCCAAAAT,0.44293601043226527,1,0
TGTGGACAGATCTGACATGTGGAGTGAGGGATGACT,0.5487907336964133,1,0
GTTCCGTTTCGCTGCCTCGTGCTACCCCTACAGCCT,0.6456928732538652,1,0
CCCCGCCGCAGAGCACGCATGGCGCGCAGCCATTGC,0.7053673762339807,1,0
CCCCGCACCCACACGCGCGTGGAAGGGCCTGGATTC,0.8293193712140772,1,0
GGCCCTCTTGCAGGGCACGTGCCGCACTCACCCCCT,0.9450585624141334,1,0
CAGGAGCCAAGCCGGCACGTGTTGCTGGGTCCCATT,1.0492568401050066,1,0
GCTCGGCCCCTCCCCCACGCGGTCCCGCTGGCTGTG,1.3869290270609484,2,0
GTAACGCAGACTGCGCACATGGCTTCAATTAGCGGA,1.4149301871715236,2,0
GGAGGAGACGAGGGCCACGTGCAGAGCCTTGGGTCC,1.5170180267294233,2,0
CGCCCAGCCCTTGGCCGCGTGGCTTCTCCTGCAGGA,1.6990580962753752,2,0
CCCCTTCTTAAACCCCATGCGGTCCCGGCCCGGGCC,1.7158086316103836,2,0
ATCTGAGAGGTGTGCCATGTGGCCGGAGACTGTAGA,1.3981790050878518,2,0
AACCACTCGACTGACCTCGTGGTCAAATTCCTTACT,1.4721191591559846,2,0
CCGAGGAGGGCGGACCACGAGGTCAGGAGATGGAGA,1.5292602568286915,2,0
GGTTACCCGGGCAACCGCATGGTCTCGCGATACATA,1.4477200099945167,2,0
CTTATGACAATGCACCATGTGCTTCTTATCTTATCA,1.314811987694946,2,0
GTGTAATCCACCCGGCACGTGTTTAATCGGACTCCA,1.4094144533862218,2,0
GAGCACTGTGACCTGCACGTGGGTTGGAAACCACTT,1.581171552736774,2,0
CTTCCCTGGGAGGGACACGTGGACCCCAAGAGTCCG,1.679829949954759,2,0
GCCTGGATAGAGCTCCACGTGTCCGACATCCTAGTC,1.739545514668987,2,0
ACAAGAATGAATTGACACGTGTCTCAGGAGTGCCAA,1.8865139754489482,2,0
TGGCTGAGGCCACCCCACGTGGCCACACTGGGGCTT,1.9993497424612778,2,0
AATCAGAGAAACTCACACGCGGAGTTTTAAATAATG,2.0356604418926283,2,0
GAGCTTGGGTGTGGGCACGTGCCCTGGAATGGGTTG,1.3986263823461806,2,0
CAGATTTCCCCTGACCACATGGTGAGGAGCCATTAA,1.4143799808302715,2,0
ATATCAGACATATGACACGTGCCAGGGACTGCGACA,1.5837766900493646,2,0
GCGGGGTGGAGCGAGCACGCGGGCGGGGCGGGGCGG,1.3501716198233593,2,0
CCGGCCGGGCCCGGCCGCGTGCGCGCGGGAGGCGGG,1.5519620466670014,2,0
CCCCACTCACCCGGCCATGTGGTTTGGGACAGGGAA,1.3555561581753155,2,0
CACCCTGAGCTTGAACACGTGCCTCCTTCAACTGCT,1.4086398171498447,2,0
CCTCTGGATCAGCTCCACGTGCCTAGATTCAGACTC,1.533861567017527,2,0
GCGCTGCAGACATTGCACGTGGACTTCTGCCGCAAC,1.6634047477030203,2,0
GGGCGCCGATTGGTCCGCGTGGACACATAAGAGGCT,1.7618769977916093,2,0
CAGACCCGCGGCCCCCACGTGCGCACTCCGATGACC,1.8927415404857966,2,0
CCTTTCCCAACCACCCGCGTGGGTGGCTCGGAAATC,1.9941852674104004,2,0
GTGAGCTGCAGATGCCGCGTGGTATCTGAGCTTCAT,2.051675801946746,2,0
ATATTGTGTAGTTTCCACGTGCTCAGTATGACTAAT,2.149928535441563,2,0
TCTTCGCCCCTCCCCCACGTGCTCTCAAATTCCCTC,2.202687232365359,2,0
GGAAGGTCAGTGGACCACGTGCATCAGAATCAACAG,2.3507430868178814,2,0
CCCGGCGAGTCCCGGCCACCCGGCGCAGCCCTGGGC,-0.7227186583692529,0,1
CCAATATTCCTTTGTGAGACCCTCCACAAATGCTAA,-0.6412418474813357,0,1
GGAGGGGATGCGGAAGGTTCTGCAGCTGCGGCGGCG,-0.559546956898842,0,1
TGGTAGGTTCCGAGCAGGGGCTCCTTCTAGGGCGTT,-0.4672668638223856,0,1
GGAAACTGAGGTCCAGGGTGTGCGGTCCCCGGCCTC,-0.3565737708526333,0,1
GGGCTAGCTCCGAGCCTCGTGCCCCGGCCTCCTCAG,-0.20390265482404413,0,1
CGATGGCACTGCCAACGCGTGCCCGCTGCAGTCCTG,-0.1357615248295092,0,1
GGGTCCTTCCTGGCCCACGCTGGCAGCACAGACCAA,-0.04082863233394196,0,1
CTGCGCAATACGCGGCACGCGCCAGGCCAAAGACTA,0.02312009226633105,1,0
CTTTCTGGTTCTTTGCATGCGTTTGTCACTTTTTCT,0.16748856869912832,1,0
GGCGGGCAGTTCAGGCACGAGGCACAGGTCCCCCAT,0.29867136101577607,1,0
AAGCCCCGCCAGCGCGCTGTCGCCGGCGCTGGGCTC,-0.7227186583692529,0,1
GGTTCCGGGCCTGGTTCCTGGCGCAGTGGGGCCGGG,-0.649010552931955,0,1
AGGCGCCATTCTCTCCACCATCACCCCTCCTATGTT,-0.5844178738155463,0,1
AGATTTAAAAAAAAAAACAAACTAAAATTCTCTCCC,-0.4103894785488329,0,1
ACTGGACAACAGCCAATCAGCGCCTTGTTTACACTC,-0.3116721404228935,0,1
GCACTGAAAAATATTCCATTGTCTGGAGGGACCCCA,-0.2957208819627324,0,1
GCTGACTTGAAGAAACGCATGCCCCCTCCTCTGGTT,-0.19615925330104922,0,1
CAGCGCAGGGTCCGGGTTCGCTGGGAGGCCGGCGGC,-0.0906334620457887,0,1
AGCAGCCGCCATCCCCACGTTGGGTGGCGAGATCCG,0.03674368245349502,1,0
CAATGGCCCCCATTCCATGTGCAGGTTCAGTGCTCA,0.1422787791173521,1,0
TTGGGCCCCCCACTCCACATGGGGATGCTCCCTGGG,0.2316440214543105,1,0
TGTGGAGCAAGGGAGACAGAAGCTCATTGGCTAGAG,-0.7227186583692529,0,1
TTTCATTTGGATTAGTATTCACTACTTGTGCTTAGT,-0.6132620654894234,0,1
CTTTAGATTTTTTTCTTACCTTGTTCTAGCAATTAG,-0.5115872635030465,0,1
GCCAGGTAACCGCTCGGCGCGAACTGCCCGGCCGGG,-0.45291941541424396,0,1
AGGACTAGTTGTCCCAGCGTGCCCTGCGCCTCAGCC,-0.3222410917721277,0,1
GCCCCGGTCTTACTCCTGGGCCTCTGGATTTGGGCC,-0.24643812835662704,0,1
CAGCCTGTTGTTGGCCAGATGGTCTGGGGTGAAACT,-0.1895694436219939,0,1
TACCAGGCATAGGACATTTTCCTTTAATCCTAATAA,-0.08224042339149484,0,1
CAAAGGATCATGAAGATTGAGGTTTCCAGACCTTGC,0.09234892411303708,1,0
CAGGGCTGGGTCCACCTCATGGCCTTTGTTCTGGAA,0.16633892304654374,1,0
TCCTAAACAGGAAGCCATGAGGTGAGCAGAGACACT,0.2388022481544807,1,0
GACTGGACCCCAGAATTGTCCCGGCTTTCTCCCGAG,-0.7311496216580524,0,1
GCTCTCTGGAAGCCCCTGGACCCCTTTGGCACCCAC,-0.6638515062494639,0,1
CCAGGCAGGTCCCTTATAGGGAGGCCTCATCCTCAG,-0.5085706699636212,0,1
GAGGAAGCAGCCCTCGCCCCTGTCGGTGGAAAGAAG,-0.4586337166776824,0,1
ATTAAAGGGGCTTGGGCTGCTTGAAGCTACAATTAG,-0.3411691016576466,0,1
CCAGCCCAGCGCTCTGGGAGGCCCAGGCAGAAGGAT,-0.23320052498139798,0,1
TTAGAACCTCAACCTCCTCTGCAAAATGGAGCTGAC,-0.1572564546314501,0,1
AACCTAAAACAAAAAATCTATTATCTGATTGCAGGT,-0.0788048371901553,0,1
CTGTTAGGCAACTTCAACGTGGGGAGAGCAGGGACT,0.048460023899696836,1,0
ACCAAAAAAAAAAAAAAAAAAAAAACTCATCCCCAA,0.18042634429239968,1,0
GAGAATGGGGTGAACCCGGGAGGCGGAGCTTGCAGT,-0.7912452206847798,0,1
AGGTTGTTGTTCTGTTTCTACTGCTGCTATTGCCTC,-0.697844045596379,0,1
ATAGCAGCCTCACTCATAACAGCCAAAAGGTGGAAA,-0.5176478881147375,0,1
ACTGTCTTCACTGTGTCCCAAGTGTGTCTTCTCTCT,-0.45291941541424396,0,1
GAAGTCAAGGTCCTATGACTAGGAATGTTAAACTGG,-0.38944984146557804,0,1
TTTTTTTTTTTGGTTTTTTTTTTTTTTGGTTTTTTT,-0.293896618762985,0,1
CTTAAAATGAAAACAAGTTTTCTAGCCACAGGAAGA,-0.12032117690954447,0,1
TAAATAAGGTTTATAGTTAAGTATTTAGTCTTAAGT,-0.05269116764376225,0,1
TGGGAGATGGAAGAACATGTGCAGGCCCAAAGAGGG,0.3592762233056481,1,0
GCGCCCAGCGCACCCCACATGGCTGCCCCCAATGAC,0.45622332319462355,1,0
CTGCCCCAGGGCTACCGCATGGAGCAGCCTCGAAAC,0.5920476374313539,1,0
CACTGTTGCTTCCCCCTCGTGGCTGTTGTGGATAAT,0.6373485644971746,1,0
AGGAGGAAGCGGCGCCGCGTGGAGTGGGCTGGCAGA,0.7900275233434675,1,0
AGTAGATGAACACACCACGAGGGCCTTATTATCCAA,0.8362111972519992,1,0
CCTACTGGGTTAAAGCACATGGCATTAAAGGCCATT,1.3279788143822069,2,0
AGCTGGGATTACAGGCACGTGCCACCATAACCAGCT,1.485227671161108,2,0
GTGAGCTTGACATGCCATGTGCTCTCCAGACCAAGG,1.5383445683857806,2,0
CCGCCGCCCAAGGCCCGCGTGGGCCTGCTCGGCTGG,1.6672586470476007,2,0
CAGCGCTGCGGCCGCCACGCGGCACCCGCACCCAGG,1.7040139171063613,2,0
GGCTCCGCCCCCGCCCATGCGGTCCCTCCAGGCGGG,1.3209942002452637,2,0
GAGTGGCCGGCCGACCTCGTGGCGCAACGGTAGCGC,1.4483585796203018,2,0
ATCTCCTGGGGCGACCACGAGGTCACCCGTCCAGGT,1.5242432771451737,2,0
GAAAACCAGCGAGACCGCATGGTCTCACTTATAAGT,1.452711259139547,2,0
AGGGAGTTCTCACACCATGTGGGTGGGATTGTAACT,1.3051595210361446,2,0
ACACTGAGCTTCCTCCACGTGCCCAGGTCCTGGCAG,1.4304309887478803,2,0
GTGTCTCCATTGGGGCACGTGTTTATATGTTTATAA,1.598717482593595,2,0
